<?xml version="1.0" encoding="UTF-8" ?>
<!DOCTYPE log4j:configuration SYSTEM "http://logging.apache.org/log4j/1.2/apidocs/org/apache/log4j/xml/doc-files/log4j.dtd">
<log4j:configuration xmlns:log4j="http://jakarta.apache.org/log4j/">
	
	<appender name="console" class="org.apache.log4j.ConsoleAppender">
		<param name="Target" value="System.out" />
		<layout class="org.apache.log4j.PatternLayout">
			<param name="ConversionPattern" value="%d{yyyy-MM-dd HH:mm:ss} [%-5p](%-35c{1}:%-3L) %m%n" />
			<!-- %L 옵션은 라인넘버가 출력되나 속도저하가 심하다. -->
			<!--<param name="ConversionPattern" value="%d{yyyy-MM-dd HH:mm:ss} [%-5p](%-30c{1}) %m%n" />-->
		</layout>
	</appender>

	<logger name="org.springframework" additivity="false">
		<level value="DEBUG" />
		<appender-ref ref="console" />
	</logger>
	<logger name="org.springframework.jdbc.core.JdbcTemplate" additivity="false">
		<level value="DEBUG" />
		<appender-ref ref="console" />
	</logger>
	<logger name="org.springframework.jdbc.core.StatementCreatorUtils" additivity="false">
		<level value="TRACE" />
		<appender-ref ref="console" />
	</logger>
	
	<logger name="org.mybatis" additivity="false">
		<level value="DEBUG" />
		<appender-ref ref="console" />
	</logger>	
	<logger name="ldg.mybatis" additivity="false">
		<level value="INFO" />
		<appender-ref ref="console" />
	</logger>
	
	<root>
		<level value="DEBUG" />
		<appender-ref ref="console" />
	</root>
</log4j:configuration>
