<?xml version="1.0" encoding="UTF-8"?>
<beans xmlns="http://www.springframework.org/schema/beans"
       xmlns:xsi="http://www.w3.org/2001/XMLSchema-instance"
       xsi:schemaLocation="
       		http://www.springframework.org/schema/beans 
       		http://www.springframework.org/schema/beans/spring-beans.xsd">
	<bean class="controller.member.MemberController" />
	<bean id = "memberJoinService" 
							class="service.member.MemberJoinService" />
	<bean id = "memberRepository"
						class="repository.MemberRepository" />
	<bean id="memberListService"
						class="service.member.MemberListService" />
	<bean id="memberInfoService"
						class="service.member.MemberInfoService" />
	<bean id="memberModifyService"
						class="service.member.MemberModifyService" />	
	<bean id="memberDeleteService"
						class="service.member.MemberDeleteService" />
	<bean id="memberDetailService"
						class="service.member.MemberDetailService" />					
	<bean id="memberUpdateService"
						class="service.member.MemberUpdateService" />		
	<bean id="memberDeleteOkSevice"
						class="service.member.MemberDeleteOkSevice" />		
	
	<bean id="memberPwChangeService"
						class="service.member.MemberPwChangeService" />
	
</beans>